command,mean,stddev,median,user,system,min,max
python3 examples/circle.py --image,0.90081475972,0.011403092048018577,0.8967310958200001,0.7234051,0.0942049,0.89109452682,0.92113421482
