command,mean,stddev,median,user,system,min,max
python3 examples/kitchen_sink.py --image,1.9737186166,0.5359394162034604,1.7942597976,1.5717963599999998,0.15737667999999996,1.7648787161000001,3.4962559861
