command,mean,stddev,median,user,system,min,max
python3 examples/kitchen_sink.py --image,1.9300614637600002,0.21207047992169242,1.85553439206,1.61386094,0.1628849,1.80394118506,2.5094798320600002
