command,mean,stddev,median,user,system,min,max
python3 examples/circle.py --image,0.9138001185400002,0.033394305485712976,0.90438798694,0.72902182,0.09684972,0.89021695544,1.00246684644
