command,mean,stddev,median,user,system,min,max
python3 examples/circle.py --image,0.9371763164999999,0.01736700123808781,0.9350314478,0.74015038,0.10542428,0.9168829588,0.9699500488
