command,mean,stddev,median,user,system,min,max
python3 examples/kitchen_sink.py --image,1.80205894448,0.03505392347376343,1.80021761578,1.56272868,0.14247654,1.76256526178,1.8719272957800002
